name,plz
Berlin,10178
Hamburg,20038
München,80313
Köln,50667
Frankfurt am Main,60311
Stuttgart,70173
Düsseldorf,40213
Leipzig,04109
Dortmund,44135
Essen,45121
Bremen,28195
Dresden,01067
Hannover,30159
Nürnberg,90403
Duisburg,47051
Bochum,44787
Wuppertal,42275
Bielefeld,33602
Bonn,53111
Münster,48143
Mannheim,68159
Karlsruhe,76133
Augsburg,86150
Wiesbaden,65183
Mönchengladbach,41061
Gelsenkirchen,45879
Aachen,52058
Braunschweig,38100
Kiel,24103
Chemnitz,09111
Halle (Saale),06108
Magdeburg,39104
Freiburg im Breisgau,79098
Krefeld,47798
Mainz,55116
Lübeck,23539
Erfurt,99084
Oberhausen,46045
Rostock,18055
Kassel,34117
Hagen,58095
Potsdam,14469
Saarbrücken,66111
Hamm,59065
Ludwigshafen am Rhein,67059
Mülheim an der Ruhr,45468
Oldenburg (Oldenburg),26105
Osnabrück,49074
Leverkusen,51373
Darmstadt,64283
Heidelberg,69117
Solingen,42651
Herne,44623
Regensburg,93019
Neuss,41460
Paderborn,33104
Ingolstadt,85049
Offenbach am Main,63065
Fürth,90744
Ulm,89073
Würzburg,97070
Heilbronn,74072
Pforzheim,75175
Wolfsburg,38440
Bottrop,46236
Göttingen,37083
Reutlingen,72764
Koblenz,56068
Erlangen,91051
Bremerhaven,27576
Remscheid,42853
Bergisch Gladbach,51465
Recklinghausen,45657
Trier,54290
Jena,07743
Moers,47441
Salzgitter,38226
Siegen,57072
Gütersloh,33330
Hildesheim,31134
Kaiserslautern,67657
Hanau,63450
Cottbus/Chóśebuz,03046
Schwerin,19053
Witten,58452
Ludwigsburg,71638
Esslingen am Neckar,73728
Tübingen,72070
Iserlohn,58636
Düren,52349
Gera,07545
Gießen,35390
Flensburg,24937
Zwickau,08056
Villingen-Schwenningen,78050
Ratingen,40878
Lünen,44532
Konstanz,78462
Worms,67547
Marl,45772
Minden,32423
Velbert,42551
Norderstedt,22846
Neumünster,24534
Dessau-Roßlau,06844
Bamberg,96031
Viersen,41747
Delmenhorst,27749
Rheine,48431
Marburg,35037
Lüneburg,21335
Gladbeck,45964
Troisdorf,53840
Wilhelmshaven,26382
Dorsten,46284
Detmold,32756
Bayreuth,95410
Arnsberg,59759
Landshut,84028
Castrop-Rauxel,44575
Brandenburg an der Havel,14770
Aschaffenburg,63701
Lüdenscheid,58507
Bocholt,46395
Celle,29221
Kempten (Allgäu),87435
Fulda,36037
Aalen,73430
Lippstadt,59555
Dinslaken,46535
Herford,32052
Kerpen,50171
Rüsselsheim am Main,65428
Weimar,99423
Neuwied,56564
Dormagen,41539
Sindelfingen,71063
Grevenbroich,41515
Rosenheim,83013
Plauen,08523
Neubrandenburg,17033
Herten,45699
Bergheim,50126
Friedrichshafen,88045
Schwäbisch Gmünd,73525
Offenburg,77652
Garbsen,30823
Wesel,46483
Hürth,50354
Neu-Ulm,89210
Greifswald,17489
Langenfeld (Rheinland),40764
Stralsund,18439
Unna,59423
Euskirchen,53879
Göppingen,73033
Hameln,31785
Meerbusch,40670
Frankfurt (Oder),15230
Stolberg (Rhld.),52222
Eschweiler,52249
Lingen (Ems),49808
Sankt Augustin,53757
Baden-Baden,76530
Waiblingen,71332
Görlitz,02826
Hilden,40721
Pulheim,50259
Langenhagen,30853
Nordhorn,48529
Bad Homburg v. d. Höhe,61343
Bad Salzuflen,32105
Hattingen,45525
Schweinfurt,97420
Neustadt an der Weinstraße,67433
Passau,94030
Wetzlar,35578
Ahlen,59227
Kleve,47533
Frechen,50226
Menden (Sauerland),58706
Wolfenbüttel,38300
Ibbenbüren,49477
Bad Kreuznach,55545
Gummersbach,51643
Ravensburg,88212
Speyer,67346
Böblingen,71032
Peine,31224
Rastatt,76437
Elmshorn,25335
Willich,47877
Goslar,38640
Erftstadt,50374
Emden,26721
Lörrach,79539
Heidenheim an der Brenz,89522
Gronau (Westf.),48599
Leonberg,71229
Bad Oeynhausen,32545
Frankenthal (Pfalz),67227
Rheda-Wiedenbrück,33378
Bergkamen,59192
Singen (Hohentwiel),78224
Freising,85350
Bornheim,53332
Cuxhaven,27472
Soest,59494
Lahr/Schwarzwald,77933
Straubing,94315
Dachau,85221
Alsdorf,52477
Stade,21682
Hennef (Sieg),53773
Landau in der Pfalz,76829
Dülmen,48249
Melle,49324
Oberursel (Taunus),61440
Oranienburg,16515
Herzogenrath,52134
Schwerte,58239
Neunkirchen,66538
Rodgau,63110
Filderstadt,70794
Albstadt,72458
Bruchsal,76646
Bünde,32257
Weinheim,69469
Fellbach,70734
Hof,95015
Kaufbeuren,87600
Gotha,99867
Wittenberg,06886
Neustadt am Rübenberge,31535
Memmingen,87700
Lehrte,31275
Falkensee,14612
Brühl,50321
Rottenburg am Neckar,72108
Kaarst,41564
Pinneberg,25421
Erkrath,40699
Erkelenz,41812
Bietigheim-Bissingen,74321
Gifhorn,38518
Borken,46325
Heinsberg,52525
Wismar,23952
Aurich,26603
Kamen,59174
Nettetal,41334
Weiden i.d.OPf.,92637
Bernau bei Berlin,16321
Amberg,92224
Laatzen,30880
Monheim am Rhein,40789
Dreieich,63303
Eisenach,99817
Ansbach,91522
Siegburg,53721
Homburg,66424
Wunstorf,31515
Schwabach,91126
Schwäbisch Hall,74523
Eberswalde,16225
Königswinter,53639
Coburg,96450
Kirchheim unter Teck,73230
Nürtingen,72622
Hückelhoven,41836
Bensheim,64625
Nordhausen,99734
Germering,82110
Lemgo,32657
Neumarkt i.d.OPf.,92305
Buchholz in der Nordheide,21244
Buxtehude,21614
Leinfelden-Echterdingen,70771
Pirmasens,66953
Löhne,32584
Weißenfels,06667
Freiberg,09599
Hofheim am Taunus,65719
Ahaus,48683
Schorndorf,73614
Völklingen,66333
Ostfildern,73760
Freital,01705
Maintal,63477
Ettlingen,76275
Mettmann,40822
Niederkassel,53859
Halberstadt,38820
Langen (Hessen),63225
Neu-Isenburg,63263
Ilmenau,98693
Würselen,52146
Pirna,01796
Stendal,39576
Königs Wusterhausen,15711
Papenburg,26871
Kamp-Lintfort,47475
Bautzen / Budyšin,02625
Haltern am See,45721
Greven,48268
Wesseling,50389
Backnang,71522
Kehl,77694
Warendorf,48231
Fürstenfeldbruck,82256
Bitterfeld-Wolfen,06766
Beckum,59269
Tuttlingen,78532
Erding,85435
Coesfeld,48653
Cloppenburg,49661
Suhl,98527
Emsdetten,48282
Voerde (Niederrhein),46562
Mühlhausen/Thüringen,99974
Limburg a. d. Lahn,65549
Sinsheim,74889
Porta Westfalica,32457
Winsen (Luhe),21423
Ingelheim am Rhein,55218
Meppen,49716
Leer (Ostfriesland),26789
St. Ingbert,66386
Bad Vilbel,61118
Datteln,45711
Crailsheim,74564
Lage,32791
Steinfurt,48565
Mörfelden-Walldorf,64546
Balingen,72336
Goch,47574
Kempen,47906
Dietzenbach,63128
Wermelskirchen,42929
Deggendorf,94469
Saarlouis,66740
Barsinghausen,30890
Seelze,30926
Ahrensburg,22926
Viernheim,68519
Wedel,22880
Zweibrücken,66482
Korschenbroich,41352
Radebeul,01445
Geldern,47608
Biberach an der Riß,88400
Hemer,58675
Kornwestheim,70806
Merseburg,06217
Uelzen,29525
Vechta,49377
Rheinfelden (Baden),79618
Bad Nauheim,61231
Lampertheim,68623
Jülich,52428
Forchheim,91301
Achim,28832
Delbrück,33129
Fürstenwalde/Spree,15517
Bramsche,49565
Wernigerode,38855
Bernburg (Saale),06406
Herrenberg,71083
Itzehoe,25524
Naumburg (Saale),06618
Georgsmarienhütte,49124
Radolfzell am Bodensee,78315
Nienburg (Weser),31582
Geesthacht,21502
Oer-Erkenschwick,45739
Hoyerswerda / Wojerecy,02977
Geestland,27607
Burgdorf,31303
Neuruppin,16816
Rheinberg,47495
Emmerich am Rhein,46446
Kreuztal,57223
Werl,59457
Altenburg,04600
Gevelsberg,58285
Lohmar,53797
Osterholz-Scharmbeck,27711
Einbeck,37574
Walsrode,29664
Ennepetal,58256
Haan,42781
Weil am Rhein,79576
Taunusstein,65232
Andernach,56626
Bad Hersfeld,36251
Schönebeck (Elbe),39218
Gaggenau,76571
Friedberg,86316
Bretten,75015
Schwedt/Oder,16303
Neuburg a.d.Donau,86633
Friedberg (Hessen),61169
Merzig,66663
Meschede,59872
Rietberg,33397
Waltrop,45731
Werne,59368
Landsberg am Lech,86886
Tönisvorst,47918
Schwandorf,92421
Oelde,59302
Vaihingen an der Enz,71665
Güstrow,18273
Northeim,37154
Rendsburg,24768
Springe,31832
Kelkheim (Taunus),65779
Mühlheim am Main,63165
Unterschleißheim,85716
Riesa,01589
Bühl,77815
Saalfeld/Saale,07318
Rösrath,51503
Winnenden,71364
Schwelm,58332
Höxter,37671
Idar-Oberstein,55743
Rödermark,63322
Mechernich,53894
Geislingen an der Steige,73312
Reinbek,21465
Wegberg,41844
Emmendingen,79312
Meißen,01662
Grimma,04668
Hattersheim am Main,65795
Baunatal,34225
Kevelaer,47623
Königsbrunn,86343
Leichlingen (Rheinland),42799
Geilenkirchen,52511
Verden (Aller),27283
Ludwigsfelde,14974
Olching,82140
Neukirchen-Vluyn,47506
Sundern (Sauerland),59846
Lohne (Oldenburg),49393
Teltow,14513
Griesheim,64347
Baesweiler,52499
Arnstadt,99310
Wetter (Ruhr),58300
Overath,51491
Schloß Holte-Stukenbrock,33758
Strausberg,15344
Leimen,69181
Zeitz,06712
Wangen im Allgäu,88239
Weinstadt,71384
Hamminkeln,46499
Rheinbach,53359
Werder (Havel),14542
Ehingen (Donau),89584
Butzbach,35510
Hohen Neuendorf,16540
Bad Neuenahr-Ahrweiler,53474
Wiesloch,69168
Zirndorf,90513
Hennigsdorf,16761
Pfaffenhofen a.d.Ilm,85276
Lauf a.d.Pegnitz,91207
Heiligenhaus,42579
Heppenheim (Bergstraße),64646
Remseck am Neckar,71686
Aschersleben,06449
Neckarsulm,74172
Mühlacker,75417
Groß-Gerau,64521
Selm,59379
Nordenham,26954
Weiterstadt,64331
Achern,77855
Bingen am Rhein,55411
Bad Honnef,53604
Kulmbach,95311
Lübbecke,32312
Harsewinkel,33428
Lindau (Bodensee),88131
Schleswig,24837
Friedrichsdorf,61381
Sangerhausen,06526
Rinteln,31737
Horb am Neckar,72160
St. Wendel,66606
Helmstedt,38350
Brilon,59929
Idstein,65510
Geretsried,82538
Verl,33415
Lennestadt,57368
Weingarten,88250
Roth,91154
Wiehl,51674
Öhringen,74613
Salzkotten,33154
Petershagen,32469
Rottweil,78628
Obertshausen,63179
Stutensee,76297
Pfungstadt,64319
Köthen (Anhalt),06366
Delitzsch,04509
Norden,26506
Lüdinghausen,59348
Bad Oldesloe,23843
Ditzingen,71254
Espelkamp,32339
Plettenberg,58840
Schmallenberg,57392
Meckenheim,53340
Olpe,57462
Sprockhövel,45549
Markkleeberg,04416
Ellwangen (Jagst),73479
Meiningen,98617
Zittau,02763
Rudolstadt,07407
Syke,28857
Warstein,59581
Staßfurt,39418
Bad Mergentheim,97980
Ronnenberg,30952
Attendorn,57439
Waldshut-Tiengen,79761
Haren (Ems),49733
Herzogenaurach,91074
Rathenow,14712
Übach-Palenberg,52531
Varel,26316
Waldkraiburg,84478
Riedstadt,64560
Bedburg,50181
Sehnde,31319
Calw,75365
Freudenstadt,72250
Limbach-Oberfrohna,09212
Jüchen,41363
Husum,25813
Starnberg,82319
Westerstede,26655
Quedlinburg,06484
Mosbach,74821
Hann. Münden,34346
Korbach,34497
Senftenberg/Zły Komorow,01968
Döbeln,04720
Dillenburg,35683
Gelnhausen,63571
Kaltenkirchen,24568
Netphen,57250
Sonneberg,96515
Leutkirch im Allgäu,88299
Bad Soden am Taunus,65812
Salzwedel,29410
Bad Salzungen,36433
Warburg,34414
Eisenhüttenstadt,15890
Gersthofen,86368
Karben,61184
Büdingen,63654
Wertheim,97877
Vreden,48691
Weilheim i.OB,82362
Herdecke,58313
Überlingen,88662
Neusäß,86356
Nagold,72202
Senden,89250
Bad Kissingen,97688
Friesoythe,26169
Laupheim,88471
Lengerich,49525
Kitzingen,97318
Eisleben,06295
Burg,39288
Apolda,99510
Stadthagen,31655
Rotenburg (Wümme),27356
Donaueschingen,78166
Metzingen,72555
Quickborn,25451
Eppingen,75031
Gardelegen,39638
Radevormwald,42477
Glauchau,08371
Waldkirch,79183
Bad Rappenau,74906
Heide,25746
Versmold,33775
Bad Harzburg,38667
Elsdorf,50189
Eschborn,65760
Flörsheim am Main,65439
Hockenheim,68766
Sonthofen,87527
Halle (Westf.),33790
Eckernförde,24340
Aichach,86551
Xanten,46509
Spremberg/Grodk,03130
Schwetzingen,68723
Geseke,59590
Seligenstadt,63500
Eislingen/Fils,73054
Büren,33142
Osterode am Harz,37520
Soltau,29614
Mühldorf a.Inn,84453
Zerbst/Anhalt,39261
Günzburg,89312
Puchheim,82178
Waghäusel,68753
Stadtallendorf,35260
Waren (Müritz),17192
Rees,46459
Bad Krozingen,79189
Wülfrath,42489
Groß-Umstadt,64823
Schramberg,78713
Sondershausen,99706
Wipperfürth,51688
Traunstein,83278
Traunreut,83294
Germersheim,76726
Wildeshausen,27793
Nördlingen,86720
Bruchköbel,63486
Zülpich,53909
Schortens,26419
Mössingen,72116
Nidderau,61130
Meinerzhagen,58540
Luckenwalde,14943
Herborn,35745
Hörstel,48477
Enger,32130
Coswig,01640
Stadtlohn,48703
Fröndenberg/Ruhr,58730
Wittmund,26409
Schifferstadt,67105
Werdau,08412
Rheinstetten,76287
Bad Schwartau,23611
Dingolfing,84130
Bad Waldsee,88339
Blieskastel,66440
Zossen,15806
Burgwedel,30938
Neustrelitz,17235
Duderstadt,37115
Lichtenfels,96215
Greiz,07973
Reichenbach im Vogtland,08468
Leinefelde-Worbis,37327
Telgte,48291
Oberkirch,77704
Schopfheim,79650
Ochtrup,48607
Aue-Bad Schlema,08280
Giengen an der Brenz,89537
Holzminden,37603
Tettnang,88069
Dillingen/ Saar,66763
Gerlingen,70839
Donauwörth,86609
Ennigerloh,59320
Torgau,04860
Waldbröl,51545
Schmalkalden,98574
Dillingen a.d.Donau,89407
Korntal-Münchingen,70825
Bad Friedrichshall,74177
Sarstedt,31157
Schenefeld,22869
Marsberg,34431
Wittlich,54516
Bückeburg,31675
Rhede,46414
Mayen,56727
Mölln,23879
Haiger,35708
Moosburg a.d.Isar,85368
Bad Pyrmont,31812
Eschwege,37269
Blankenburg (Harz),38889
Sachsenheim,74343
Oschersleben (Bode),39387
Müllheim,79379
Bad Aibling,83043
Heusenstamm,63150
Weil der Stadt,71263
Hechingen,72379
Seesen,38723
Annaberg-Buchholz,09456
Sulzbach-Rosenberg,92237
Alzey,55232
Bad Tölz,83646
Borna,04552
Haldensleben,39340
Bad Driburg,33014
Wolfratshausen,82515
Schneverdingen,29640
Wassenberg,41849
Burghausen,84489
Nauen,14641
Hemmingen,30966
Marktoberdorf,87616
Pfullingen,72793
Sömmerda,99610
Bad Berleburg,57319
Prenzlau,17291
Lebach,66822
Burscheid,51399
Radeberg,01454
Bremervörde,27432
Kolbermoor,83059
Weißenburg i.Bay.,91781
Bad Dürkheim,67098
Schkeuditz,04435
Alfeld (Leine),31061
Alzenau,63755
Uetersen,25436
Bad Reichenhall,83435
Renningen,71272
Bergneustadt,51702
Glinde,21509
Vlotho,32602
Kronberg im Taunus,61476
Hochheim am Main,65239
Konz,54329
Wörth am Rhein,76744
Püttlingen,66346
Hessisch Oldendorf,31840
Crimmitschau,08451
Schwalmstadt,34613
Vellmar,34246
Lahnstein,56112
Großenhain,01558
Pohlheim,35415
Illertissen,89257
Auerbach/Vogtl.,08209
Bobingen,86399
Buchen (Odenwald),74722
Oberasbach,90522
Frankenberg (Eder),35066
Werdohl,58791
Freudenberg,57258
Bad Saulgau,88348
Bad Säckingen,79713
Forst (Lausitz)/Baršć (Łužyca),03149
Bad Segeberg,23795
Schrobenhausen,86529
Bexbach,66450
Freilassing,83395
Parchim,19370
Remagen,53424
Bad Münder am Deister,31848
Sinzig,53489
Damme,49401
Nidda,63667
Garching b.München,85748
Sigmaringen,72488
Vilshofen an der Donau,94474
Bad Wildungen,34537
Diepholz,49356
Gescher,48712
Bad Langensalza,99947
Bad Münstereifel,53902
Horn-Bad Meinberg,32805
Stockach,78333
Trossingen,78647
Cham,93413
Marktredwitz,95615
Kelsterbach,65451
Oerlinghausen,33813
Thale,06502
Kamenz / Kamjenc,01917
Bendorf,56170
Eutin,23701
Schwarzenbek,21493
Babenhausen,64832
Eltville am Rhein,65343
Heilbad Heiligenstadt,37308
Gunzenhausen,91710
Kronach,96317
Kelheim,93309
Ginsheim-Gustavsburg,65462
Hünfeld,36088
Wittenberge,19322
Bad Wörishofen,86825
Penzberg,82377
Königstein im Taunus,61462
Heidenau,01809
Marienberg,09496
Bürstadt,68642
Bad Lippspringe,33175
Altena,58762
Reinheim,64354
Guben,03172
Blaustein,89134
Bassum,27211
Sulzbach/ Saar,66280
Kirchhain,35274
Wurzen,04808
Straelen,47638
Pocking,94060
Brackenheim,74336
Brakel,33034
Freiberg am Neckar,71691
Raunheim,65479
Halver,58553
Wendlingen am Neckar,73240
Michelstadt,64720
Erwitte,59597
Kierspe,58566
Schwarzenberg/Erzgeb.,08340
Preetz,24211
Bargteheide,22941
Zeulenroda-Triebes,07937
Markranstädt,04420
Bad Bentheim,48455
Alsfeld,36304
Schlüchtern,36381
Weener,26826
Bad Arolsen,34454
Füssen,87629
Marbach am Neckar,71672
Königslutter am Elm,38154
Lübbenau/Spreewald / Lubnjow/Błota,03222
Finsterwalde,03238
Taucha,04425
Eilenburg,04838
Bitburg,54634
Wadern,66687
Künzelsau,74653
Drensteinfurt,48317
Breisach am Rhein,79206
Erlensee,63526
Altdorf b.Nürnberg,90518
Templin,17268
Ebersbach an der Fils,73061
Rahden,32369
Langenau,89129
Dieburg,64807
Walldorf,69190
Ribnitz-Damgarten,18311
Boppard,56154
Mindelheim,87719
Eppelheim,69214
Hofgeismar,34369
Stadtbergen,86391
Neustadt in Holstein,23730
Bad Neustadt a.d.Saale,97616
Schwalbach am Taunus,65824
Weißwasser/O.L.,02943
Gehrden,30989
Mainburg,84048
Bad Bramstedt,24576
Blomberg,32825
Munster,29633
Ober-Ramstadt,64372
Lohr a.Main,97816
Dorfen,84405
Langelsheim,38685
Landsberg,06188
Neustadt b.Coburg,96465
Witzenhausen,37213
Schriesheim,69198
Brake (Unterweser),26919
Markgröningen,71706
Karlstadt,97753
Bad Wurzach,88410
Clausthal-Zellerfeld,38678
Fritzlar,34560
Usingen,61250
Hückeswagen,42499
Kraichtal,76703
Selb,95100
Hilchenbach,57271
Schwabmünchen,86830
Jever,26441
Pattensen,30982
Münsingen,72525
Isny im Allgäu,88316
Neustadt a.d.Donau,93333
Wilsdruff,01723
Lauda-Königshofen,97922
Uhingen,73066
Neu-Anspach,61267
Plochingen,73207
Langenselbold,63505
Ratzeburg,23909
Olsberg,59939
Ottweiler,66564
Montabaur,56410
Oberndorf am Neckar,78727
Stein,90547
Immenstadt i.Allgäu,87509
Spenge,32139
Eberbach,69412
Sandersdorf-Brehna,06792
Markdorf,88677
Abensberg,93326
Löbau,02708
Sassenberg,48336
Mittweida,09648
Gernsbach,76593
Bad Camberg,65520
Jessen (Elster),06917
Hohenstein-Ernstthal,09337
Tornesch,25436
Dippoldiswalde,01744
Burglengenfeld,93133
Uslar,37170
Wittstock/Dosse,16909
Neutraubling,93073
Bebra,36179
Homberg (Efze),34576
Kalkar,47546
Lich,35423
Lübben (Spreewald) / Lubin (Błota),15907
Grafing b.München,85567
Lorsch,64653
Lauchhammer,01979
Murrhardt,71540
Leuna,06237
Oschatz,04758
Schwentinental,24223
Eggenfelden,84307
Hilpoltstein,91161
Lauterbach (Hessen),36341
Landau a.d.Isar,94405
Rotenburg a. d. Fulda,36199
Grünstadt,67269
Zeven,27404
Wanzleben-Börde,39164
Erbach,64711
Vöhringen,89269
Erbach,89155
Meerane,08393
Weißenhorn,89264
Aßlar,35614
Frankenberg/Sa.,09669
Philippsburg,76661
Angermünde,16278
Melsungen,34212
Grünberg,35305
Schneeberg,08289
Eppstein,65817
Solms,35606
Buchloe,86807
Bergen auf Rügen,18528
Höchstadt a.d.Aisch,91315
Hettstedt,06333
Schmölln,04626
Quakenbrück,49610
Krumbach (Schwaben),86381
Ettenheim,77955
Haßfurt,97437
Löningen,49624
Oebisfelde-Weferlingen,39646
Bad Soden-Salmünster,63628
Pfullendorf,88630
Asperg,71679
Eichstätt,85072
Holzgerlingen,71088
Spaichingen,78549
Genthin,39307
Bad Dürrheim,78073
Wiesmoor,26639
Bergen,29303
Biedenkopf,35216
Bad Laasphe,57334
Neustadt a.d.Aisch,91413
Linden,35440
Pegnitz,91257
Dinklage,49413
Sendenhorst,48324
Bad Salzdetfurth,31162
Neckargemünd,69151
Tauberbischofsheim,97941
Zehdenick,16792
Wolfhagen,34466
Velen,46342
Haselünne,49740
Südliches Anhalt,06369
Wehr,79664
Beverungen,37688
Pfarrkirchen,84347
Herbrechtingen,89542
Rödental,96472
Olfen,59399
Östringen,76684
Sulingen,27232
Plattling,94447
St. Georgen im Schwarzwald,78112
Altötting,84503
Fehmarn,23769
Schleiden,53937
Treuchtlingen,91757
Weilburg,35781
Schüttorf,48465
Beelitz,14547
Rosbach v. d. Höhe,61191
Hadamar,65589
Linnich,52441
Wasserburg a.Inn,83512
Wächtersbach,63607
Möckern,39291
Besigheim,74354
Hungen,35410
Weinsberg,74189
Bad Doberan,18209
Herzberg am Harz,37412
Waltershausen,99880
Feuchtwangen,91555
Roding,93426
Steinheim,32839
Bad Urach,72574
Sulz am Neckar,72172
Hersbruck,91217
Zella-Mehlis,98544
Twistringen,27239
Blaubeuren,89143
Borken (Hessen),34582
Röthenbach a.d.Pegnitz,90552
Winterberg,59955
Velten,16727
Schongau,86956
Jüterbog,14913
Brunsbüttel,25541
Preußisch Oldendorf,32361
Bad Windsheim,91438
Hessisch Lichtenau,37235
Vilsbiburg,84137
Neuenburg am Rhein,79395
Frohburg,04654
Gladenbach,35075
Gaildorf,74405
Bad Freienwalde (Oder),16259
Ebersberg,85560
Bad Fallingbostel,29683
Bad Wünnenberg,33181
Titisee-Neustadt,79822
Anklam,17389
Burladingen,72393
Wernau (Neckar),73249
Hagenow,19230
Laichingen,89150
Steinheim an der Murr,71711
Ladenburg,68526
Ludwigslust,19288
Dinkelsbühl,91550
Maxhütte-Haidhof,93142
Perleberg,19348
Osterhofen,94486
Wolgast,17438
Erkner,15537
Zwönitz,08297
Neustadt in Sachsen,01844
Leingarten,74211
Lauffen am Neckar,74348
Pritzwalk,16928
Hemsbach,69502
Oestrich-Winkel,65375
Hauzenberg,94051
Neuenrade,58809
Hildburghausen,98646
Pößneck,07381
Monschau,52156
Lauenburg/ Elbe,21481
Bopfingen,73441
Drolshagen,57489
Walldürn,74731
Lindenberg i.Allgäu,88161
Geisenfeld,85290
Ebersbach-Neugersdorf,02730
Billerbeck,48727
Geisenheim,65366
Coswig (Anhalt),06869
Miesbach,83714
Schwaigern,74193
Gräfenhainichen,06773
Wittingen,29378
Bad Dürrenberg,06231
Wolmirstedt,39326
Trostberg,83308
Marktheidenfeld,97828
Bad Schwalbach,65307
Ochsenfurt,97199
Rheinau,77866
Mülheim-Kärlich,56218
Rothenburg ob der Tauber,91541
Welzheim,73642
Bad Nenndorf,31542
Stollberg/Erzgeb.,09366
Herbolzheim,79336
Lauingen (Donau),89415
Schöningen,38364
Werther (Westf.),33824
Engen,78234
Balve,58802
Diez,65582
Bad Belzig,14806
Osterwieck,38835
Braunfels,35619
Lichtenstein/Sa.,09350
Gengenbach,77723
Lorch,73547
Isselburg,46419
Oelsnitz/Erzgeb.,09376
Waldkirchen,94065
Regen,94209
Hammelburg,97762
Wildau,15745
Haigerloch,72401
Rutesheim,71277
Altensteig,72213
Donzdorf,73072
Gernsheim,64579
Meßstetten,72469
Rüthen,59602
Riedlingen,88499
Glückstadt,25348
Gronau (Leine),31028
Boizenburg/ Elbe,19258
Lichtenau,33165
Langenzenn,90579
Eisenberg,07607
Schleusingen,98553
Steinbach (Taunus),61449
Felsberg,34587
Bischofswerda,01877
Kenzingen,79341
Olbernhau,09526
Bad Iburg,49186
Tangerhütte,39517
Barmstedt,25355
Bad Staffelstein,96231
Flöha,09557
Büdelsdorf,24782
Gommern,39245
Nossen,01683
Grevesmühlen,23936
Burgstädt,09217
Braunsbedra,06242
Bad Wildbad,75323
Dissen am Teutoburger Wald,49201
Neuenhaus,49828
Tangermünde,39590
Nieder-Olm,55268
Demmin,17109
Bad Orb,63619
Querfurt,06268
Lollar,35457
Wildberg,72218
Endingen am Kaiserstuhl,79346
Bad Lauterberg im Harz,37431
Burgau,89331
Aulendorf,88326
Weilheim an der Teck,73235
Werlte,49757
Erlenbach a.Main,63906
Steinau an der Straße,36396
Neuenstadt am Kocher,74196
Nideggen,52385
Oberzent,64760
Neustadt (Hessen),35279
Süßen,73079
Niebüll,25899
Bleicherode,99752
Bogen,94327
Simbach a.Inn,84359
Rehburg-Loccum,31547
Blumberg,78176
Betzdorf,57518
Münchberg,95213
Gemünden a.Main,97737
Schotten,63679
Beilngries,92339
Oelsnitz/Vogtl.,08606
Wahlstedt,23812
Friedrichsthal,66299
Bad Frankenhausen/Kyffhäuser,06567
Niddatal,61194
Rüdesheim am Rhein,65385
Aichtal,72631
Meuselwitz,04610
Heubach,73540
Oldenburg in Holstein,23758
Oberharz am Brocken,38875
Bad König,64732
Mengen,88512
Pasewalk,17309
Heilsbronn,91560
Gudensberg,34281
Wettin-Löbejün,06193
Bad Ems,56130
Trebbin,14959
Schlitz,36110
Bad Liebenzell,75378
Klötze,38486
Bad Breisig,53498
Bockenem,31167
Großröhrsdorf,01900
Altlandsberg,15345
Brandis,04821
Fürstenau,49584
Bleckede,21354
Visselhövede,27374
Laubach,35321
Osthofen,67574
Ohrdruf,99885
Wilkau-Haßlau,08112
Mittenwalde,15749
Dassel,37586
Osterburg (Altmark),39606
Ilsenburg (Harz),38871
Bad Gandersheim,37581
Kemberg,06901
Luckau,15926
Hemau,93155
Steinbach-Hallenberg,98587
Runkel,65594
Wertingen,86637
Töging a.Inn,84513
Lüchow (Wendland),29439
Hohenmölsen,06679
Bad Bevensen,29549
Storkow (Mark),15859
Höhr-Grenzhausen,56203
Miltenberg,63897
Ichenhausen,89335
Rehau,95111
Eisenberg (Pfalz),67304
Obernkirchen,31683
Heiligenhafen,23774
Werneuchen,16356
Grimmen,18507
Sebnitz,01855
Zwenkau,04442
Lügde,32676
Bad Liebenwerda,04924
Tecklenburg,49545
Nittenau,93149
Wunsiedel,95632
Weißenthurm,56575
Kyritz,16866
Zahna-Elster,06895
Zörbig,06780
Niesky,02906
Freystadt,92342
Elsfleth,26931
Sassnitz,18546
Brand-Erbisdorf,09618
Bad Griesbach i.Rottal,94086
Laufenburg (Baden),79725
Rain,86641
Mendig,56743
Reinfeld (Holstein),23858
Neustadt an der Orla,07806
Kandel,76870
Borgholzhausen,33829
Ochsenhausen,88416
Zwiesel,94227
Elze,31008
Berching,92334
Plön,24306
Wetter (Hessen),35083
Waldheim,04736
Zschopau,09405
Torgelow,17358
Bad Schussenried,88427
Furth im Wald,93437
Breckerfeld,58339
Ortenberg,63683
Auerbach i.d.OPf.,91275
Furtwangen im Schwarzwald,78120
Raguhn-Jeßnitz,06779
Bad Lauchstädt,06246
Hemmoor,21745
Ballenstedt,06493
Neuötting,84524
Bersenbrück,49593
Vallendar,56179
Schleiz,07907
Florstadt,61197
Hallstadt,96103
Volkach,97332
Neuhaus am Rennweg,98724
Naunhof,04683
Rauenberg,69231
Herzberg (Elster),04916
Waldenbuch,71111
Barth,18356
Borgentreich,34434
Doberlug-Kirchhain,03253
Nierstein,55283
Obernburg a.Main,63785
Vohburg a.d.Donau,85088
Tirschenreuth,95643
Penig,09322
Kappeln,24376
Mücheln (Geiseltal),06249
Meßkirch,88605
Barntrup,32683
Mansfeld,06343
Bad Sooden-Allendorf,37242
Lauter-Bernsbach,08315
Rottenburg a.d.Laaber,84056
Ueckermünde,17373
Bad Bergzabern,76887
Lützen,06686
Hainichen,09661
Staufenberg,35460
Großbottwar,71723
Kuppenheim,76456
Kirchen (Sieg),57548
Viechtach,94234
Großräschen/Rań,01983
Stadtilm,99326
Helmbrechts,95233
Neuenbürg,75305
Landstuhl,66849
Kandern,79400
Colditz,04680
Teterow,17166
Schieder-Schwalenberg,32816
Wissen,57537
Premnitz,14727
Neunburg vorm Wald,92431
Möckmühl,74219
Bönnigheim,74357
Staufen im Breisgau,79219
Kirn,55606
Leisnig,04703
Arnstein,97450
Wörrstadt,55286
Herrieden,91567
Calbe (Saale),39240
Weida,07570
Barby,39249
Knittlingen,75438
Grafenau,94475
Kellinghusen,25548
Lauta,02991
Zell am Harmersbach,77736
Willebadessen,34439
Bad Herrenalb,76332
Bad Lausick,04651
Dornstetten,72280
Könnern,06420
Dannenberg (Elbe),29451
Bad Schmiedeberg,06905
Kirchberg,08107
Beeskow,15848
Oranienbaum-Wörlitz,06785
Daun,54550
Bismark (Altmark),39629
Ramstein-Miesenbach,66877
Hermsdorf,07629
Baiersdorf,91083
Neresheim,73450
Medebach,59964
Teuchern,06682
Bützow,18246
Kühlungsborn,18225
Ransbach-Baumbach,56235
Schweich,54338
Gundelfingen a.d.Donau,89423
Lößnitz,08294
Kirchheimbolanden,67292
Oberkochen,73447
Simmern/ Hunsrück,55469
Rheinsberg,16831
Hüfingen,78183
Klingenthal,08248
Oederan,09569
Lugau/Erzgeb.,09385
Vetschau/Spreewald / Wětošow/Błota,03226
Elsterwerda,04910
Altenberg,01773
Bad Düben,04849
Falkenstein/Vogtl.,08223
Treuen,08233
Kremmen,16766
Gerolstein,54568
Bad Liebenstein,36448
Bad Sulza,99518
Seeland,06469
Teublitz,93158
Calau/Kalawa,03205
Sontra,36205
Löffingen,79843
Groitzsch,04539
Breuberg,64747
Naila,95119
Belgern-Schildau,04874
Hardegsen,37181
Allstedt,06542
Oppenheim,55276
Vohenstrauß,92648
Harzgerode,06493
Gundelsheim,74831
Saarburg,54439
Weikersheim,97990
Kalbe (Milde),39624
Treuenbrietzen,14929
Homberg (Ohm),35315
Münnerstadt,97702
Eisfeld,98673
Otterndorf,21762
Parsberg,92331
Pockau-Lengefeld,09514
Renchen,77871
Leipheim,89340
Bad Berka,99438
Laufen,83410
Roßwein,04741
Aken (Elbe),06385
Ebern,96106
Elzach,79215
Bad Kötzting,93444
Pulsnitz,01896
Bad Sachsa,37441
Meldorf,25704
Esens,26427
Bad Wimpfen,74206
Malchin,17139
Radeburg,01471
Königsee,07426
Markneukirchen,08258
Scheßlitz,96110
Roßleben-Wiehe,06571
Dettelbach,97337
Zwingenberg,64673
Freyung,94078
Gedern,63688
Haslach im Kinzigtal,77716
Friedrichroda,99894
Bernkastel-Kues,54470
Heringen (Werra),36266
Annweiler am Trifels,76855
Wriezen,16269
Am Ettersberg,99439
Birkenfeld,55765
Greding,91171
Eibenstock,08309
Müncheberg,15374
Immenhausen,34376
Lengenfeld,08485
Neustadt-Glewe,19306
Bonndorf im Schwarzwald,79848
Moringen,37186
Ilshofen,74532
Polch,56751
Geiselhöring,94333
Ebermannstadt,91320
Nortorf,24589
Neukirchen,34626
Gröditz,01609
Schelklingen,89601
Gerbstedt,06347
Gau-Algesheim,55435
Gerolzhofen,97447
Höchstädt a.d.Donau,89420
Dietenheim,89165
Reichelsheim (Wetterau),61203
Horstmar,48612
Dingelstädt,37351
Hecklingen,39444
Schwarzenbach a.d.Saale,95120
Hermeskeil,54411
Hartha,04746
Arendsee (Altmark),39619
Jerichow,39319
Geithain,04643
Waldeck,34513
Volkmarsen,34471
Böhlen,04564
Kahla,07768
Rodalben,66976
Römhild,98630
Glashütte,01768
Buttstädt,99628
Boxberg,97944
Edenkoben,67480
Uffenheim,97215
Neuenstein,74632
Waldsassen,95652
Herdorf,57562
Ketzin/Havel,14669
Waldmünchen,93449
Maulbronn,75433
Osterburken,74706
Stadtroda,07646
Blankenhain,99444
Vilseck,92249
Artern,06556
Bad Brückenau,97769
Mitterteich,95666
Annaburg,06925
Zierenberg,34289
Malchow,17213
Pegau,04523
Rodenberg,31552
Bad Sobernheim,55566
Grafenwöhr,92655
Laage,18299
Burgkunstadt,96224
Heitersheim,79423
Rosenfeld,72348
Friedland,17098
Arnstein,06456
Güglingen,74363
Bad Rodach,96476
Havelberg,39539
Thannhausen,86470
Neumarkt-Sankt Veit,84494
Wittenburg,19243
Geisingen,78187
Gammertingen,72501
Glücksburg (Ostsee),24960
Werra-Suhl-Tal,99837
Bernsdorf,02994
Trochtelfingen,72818
Falkenberg/Elster,04895
Zell im Wiesental,79669
Großalmerode,37247
Linz am Rhein,53545
Rodewisch,08228
Altenkirchen (Westerwald),57610
Rötha,04571
Klingenberg a.Main,63911
Neuffen,72639
Kölleda,99625
Nabburg,92507
Alpirsbach,72275
Beilstein,71717
Hachenburg,57627
Dohna,01809
Lübz,19386
Vogtsburg im Kaiserstuhl,79235
Wassertrüdingen,91717
Windsbach,91575
Dietfurt a.d.Altmühl,92345
Dornhan,72175
Riedenburg,93339
Bad Marienberg (Westerwald),56470
Biesenthal,16359
Plau am See,19395
Schirgiswalde-Kirschau,02681
Bad Blankenburg,07422
Nieheim,33039
Marne,25709
Nienburg (Saale),06429
Spangenberg,34286
Meersburg,88709
Schlüsselfeld,96132
Haiterbach,72221
Bad Hönningen,53557
Großbreitenbach,98701
Norderney,26548
Bad Königshofen i.Grabfeld,97631
An der Schmücke,06577
Bräunlingen,78199
Thalheim/Erzgeb.,09380
Geislingen,72351
Gransee,16775
Treffurt,99830
Brotterode-Trusetal,98596
Schrozberg,74575
Oberlungwitz,09353
Tittmoning,84529
Mügeln,04769
Dierdorf,56269
Neubulach,75387
Fürstenberg/Havel,16798
Greußen,99718
Herrnhut,02747
Wemding,86650
Münzenberg,35516
Westerburg,56457
Bad Lobenstein,07356
Hausach,77756
Grünhain-Beierfeld,08344
Grebenstein,34393
Leun,35638
Neustadt a.d.Waldnaab,92660
Kaltennordheim,36452
Wittichenau / Kulow,02997
Wolfach,77709
Stavenhagen,17153
Waibstadt,74915
Braunlage,38700
Leutershausen,91578
Nottertal-Heilinger Höhen,99994
Bredstedt,25821
Rochlitz,09306
Zeil a.Main,97475
Stadtoldendorf,37627
Kusel,66869
Traben-Trarbach,56841
Kemnath,95478
Schöppenstedt,38170
Harburg (Schwaben),86655
Hirschau,92242
Kastellaun,56288
Bodenwerder,37619
Bad Gottleuba-Berggießhübel,01816
Stolpen,01833
Großschirma,09603
Wirges,56422
Mellrichstadt,97638
Grabow,19300
Abenberg,91183
Schwarzheide,01987
Heimsheim,71296
Hagenbach,76767
Niedenstein,34305
Ingelfingen,74653
Prüm,54595
Wasungen,98634
Gersfeld (Rhön),36129
Drebkau/Drjowk,03116
Neudenau,74861
Battenberg (Eder),35088
Zarrentin am Schaalsee,19246
Gadebusch,19205
Tharandt,01737
Stühlingen,79780
Ellrich,99755
Velburg,92355
Munderkingen,89597
Otterberg,67697
Eltmann,97483
Seelow,15306
Ruhla,99842
Monheim,86653
Mahlberg,77972
Burg Stargard,17094
Rockenhausen,67806
Pfreimd,92536
Oettingen i.Bay.,86732
Lütjenburg,24321
Dornburg-Camburg,07774
Külsheim,97900
Forchtenberg,74670
Pottenstein,91278
Waldmohr,66914
Cochem,56812
Diemelstadt,34474
Altentreptow,17087
Uebigau-Wahrenbrück,04938
Falkenstein/Harz,06463
Kitzscher,04567
Adelsheim,74740
Freren,49832
Spalt,91174
Hofheim i.UFr.,97461
Lindenfels,64678
Röbel/Müritz,17207
Schwaan,18258
Creußen,95473
Erbendorf,92677
Hitzacker (Elbe),29456
Borkum,26757
Naumburg,34311
Emmelshausen,56281
Lichtenau,77839
Unkel,53572
Arzberg,95659
Vacha,36404
Thum,09419
Hollfeld,96142
Ronneburg,07580
Amöneburg,35287
Wörth a.d.Donau,93086
Windischeschenbach,92670
Oberviechtach,92526
Tönning,25832
Marienmünster,37696
Freinsheim,67251
Reichenbach/O.L.,02894
Niederstetten,97996
Trendelburg,34388
Oppenau,77728
Kröpelin,18236
Seehausen (Altmark),39615
Dahme/Mark,15936
Todtnau,79674
Pausa-Mühltroff,07952
Adorf/Vogtl.,08626
Lommatzsch,01623
Lauchheim,73466
Iphofen,97346
Niederstotzingen,89168
Geisa,36419
Wörth a.Main,63939
Crivitz,19089
Schömberg,72355
Bischofsheim i.d.Rhön,97653
Weismain,96260
Scheinfeld,91443
Eggesin,17367
Heringen/Helme,99765
Tengen,78250
Groß-Bieberau,64401
Lübtheen,19249
Schönberg,23923
Wilthen,02681
Marlow,18337
Herbstein,36358
Krautheim,74238
Müllrose,15299
Amt Creuzburg,99831
Triberg im Schwarzwald,78098
Heideck,91180
Königsbrück,01936
Creglingen,97993
Vellberg,74541
Nassau,56377
Freyburg (Unstrut),06632
Ehrenfriedersdorf,09427
Wachenheim an der Weinstraße,67157
Dahn,66994
Putbus,18581
Augustusburg,09573
Hallenberg,59969
Hartenstein,08118
Strasburg (Uckermark),17335
Baumholder,55774
Rennerod,56477
Bad Berneck i.Fichtelgebirge,95460
Liebenwalde,16559
Tann (Rhön),36142
Schönau,69250
Bad Buchau,88422
Rauschenberg,35282
Dransfeld,37127
Rothenburg/O.L.,02929
Wyk auf Föhr,25938
Kirchberg an der Jagst,74592
Rabenau,01734
Gerabronn,74582
Schwarzenbach a.Wald,95131
Wilster,25554
Dargun,17159
Peitz/Picnjo,03185
Eschenbach i.d.OPf.,92676
Tambach-Dietharz/Thür. Wald,99897
Baruth/Mark,15837
Nastätten,56355
Selbitz,95152
Gefrees,95480
Pressath,92690
Heimbach,52396
Hornberg,78132
Woldegk,17348
Waldkappel,37284
Loitz,17121
Gräfenberg,91322
Waldershof,95679
Daaden,57567
Dahlen,04774
Schnaittenbach,92253
Wanfried,37281
Rheinböllen,55494
Penzlin,17217
Lichtenfels,35104
Geringswalde,09326
Neckarbischofsheim,74924
Zell (Mosel),56856
Lambrecht (Pfalz),67466
Brück,14822
Lunzenau,09328
Dassow,23942
Niedernhall,74676
Allendorf (Lumda),35469
Sternberg,19406
Güsten,39439
Kirchberg (Hunsrück),55481
Neukloster,23992
Marktbreit,97340
Ellingen,91792
Neubukow,18233
Amorbach,63916
Baunach,96148
Neckarsteinach,69239
Waldenburg,08396
Tessin,18195
Seßlach,96145
Pappenheim,91788
St. Blasien,79837
Hoya,27318
Mirow,17252
Wolkenstein,09429
Lorch,65391
Gemünden (Wohra),35285
Trebsen/Mulde,04687
Regis-Breitingen,04565
Netzschkau,08491
Ruhland,01945
Elsterberg,07985
Johanngeorgenstadt,08349
Schiltach,77761
Freudenberg,97896
Kindelbrück,99638
Deidesheim,67146
Vöhrenbach,78147
Steinach,96523
Bad Muskau / Mužakow,02953
Tegernsee,83684
Speicher,54662
Grünsfeld,97947
Strehla,01616
Königsberg i.Bay.,97486
Triptis,07819
Seifhennersdorf,02782
Bad Elster,08645
Weißensee,99631
Rehna,19217
Bad Karlshafen,34385
Mühlheim an der Donau,78570
Wildenfels,08134
Lucka,04613
Gröningen,39397
Mühlberg/Elbe,04931
Eschershausen,37632
Burgbernheim,91593
Wesselburen,25764
Tanna,07922
Goldkronach,95497
Münstermaifeld,56751
Schwarzatal,98744
Gößnitz,04639
Bad Schandau,01814
Krakow am See,18292
Auma-Weidatal,07955
Bad Köstritz,07586
Joachimsthal,16247
Owen,73277
Neustadt (Dosse),16845
Ulmen,56766
Hirschhorn (Neckar),69434
Löwenstein,74245
Goldberg,19399
Stromberg,55442
Heldburg,98663
Geyer,09468
Oberriexingen,71739
Rötz,92444
Kelbra (Kyffhäuser),06537
Ludwigsstadt,96337
Saalburg-Ebersdorf,07929
Kranichfeld,99448
Ostheim v.d.Rhön,97642
Welzow/Wjelcej,03119
Schalkau,96528
Havelsee,14798
Hohnstein,01848
Bernstadt a. d. Eigen,02748
Neusalza-Spremberg,02742
Hillesheim,54576
Berga/Elster,07980
Warin,19417
Kaisersesch,56759
Egeln,39435
Bad Teinach-Zavelstein,75385
Kirtorf,36320
Sonnewalde,03249
Lychen,17279
Döbern/Derbno,03159
Lauscha,98724
Schönwald,95173
Lebus,15326
Stadtsteinach,95346
Prichsenstadt,97357
Eibelstadt,97246
Kirchenlamitz,95153
Wolframs-Eschenbach,91639
Fridingen an der Donau,78567
Weißenstadt,95163
Klütz,23948
Waldenburg,74638
Schöneck/Vogtl.,08261
Wesenberg,17255
Merkendorf,91732
Bärnau,95671
Weißenberg / Wóspork,02627
Waischenfeld,91344
Schönewalde,04916
Bürgel,07616
Adenau,53518
Rhens,56330
Dömitz,19303
Lindow (Mark),16835
Nebra (Unstrut),06642
Liebenau,34396
Friedland,15848
Münchenbernsdorf,07589
Wurzbach,07343
Marktleuthen,95168
Ravenstein,74747
Braubach,56338
Ulrichstein,35327
Hatzfeld (Eder),35116
Gützkow,17506
Jarmen,17126
Selters (Westerwald),56242
Gnoien,17179
Frankenau,35110
Schillingsfürst,91583
Oberwesel,55430
Meisenheim,55590
Laucha an der Unstrut,06636
Themar,98660
Sankt Goar,56329
Wustrow (Wendland),29462
Elterlein,09481
Sulzburg,79295
Garding,25836
Frauenstein,09623
Elstra / Halštrow,01920
Romrod,36329
Ebeleben,99713
Bad Bibra,06647
Putlitz,16949
Tribsees,18465
Schkölen,07619
Brüel,19412
Friedrichstadt,25840
Wallenfels,96346
Lauterstein,73111
Alsleben (Saale),06425
Jöhstadt,09477
Bad Wilsnack,19336
Friesack,14662
Ziesar,14793
Rastenberg,99636
Betzenstein,91282
Golßen,15938
Scheer,72516
Gefell,07926
Wegeleben,38828
Bad Tennstedt,99955
Gartz (Oder),16307
Schönau im Schwarzwald,79677
Osterfeld,06721
Dommitzsch,04880
Schwanebeck,39397
Schlieben,04936
Schönsee,92539
Krempe,25361
Rethem (Aller),27336
Grebenau,36323
Schlettau,09487
Pleystein,92714
Aach,78267
Eckartsberga,06648
Mainbernheim,97350
Garz/Rügen,18574
Katzenelnbogen,56368
Fladungen,97650
Ostritz,02899
Hayingen,72534
Rerik,18230
Rosenthal,35119
Veringenstadt,72519
Meyenburg,16945
Oderberg,16248
Hirschberg,07927
Gebesee,99189
Königstein/Sächs. Schw.,01824
Lenzen (Elbe),19309
Ortrand,01990
Oberwiesenthal,09484
Niemegk,14823
Leutenberg,07338
Scheibenberg,09481
Wiesensteig,73349
Magdala,99441
Sachsenhagen,31553
Plaue,99338
Lauterecken,67742
Marktsteft,97342
Teuschnitz,96358
Langenburg,74595
Rieneck,97794
Schauenstein,95197
Gräfenthal,98743
Teupitz,15755
Wolfstein,67752
Bacharach,55422
Widdern,74259
Hettingen,72513
Velden,91235
Penkun,17328
Brüssow,17326
Bad Sülze,18334
Neukalen,17154
Usedom,17406
Sayda,09619
Ranis,07389
Röttingen,97285
Ornbau,91737
Lehesten,07349
Rhinow,14728
Oberhof,98559
Stadt Wehlen,01829
Neuerburg,54673
Stadtprozelten,97909
Buckow (Märkische Schweiz),15377
Arneburg,39596
Lassan,17440
Hohenberg a.d.Eger,95691
Hohenleuben,07958
Aub,97239
Hornbach,66500
Manderscheid,54531
Kroppenstedt,39397
Franzburg,18461
Lieberose,15868
Richtenberg,18461
Schwarzenborn,34639
Sankt Goarshausen,56346
Liebstadt,01825
Neustadt am Kulm,95514
Schraplau,06279
Orlamünde,07768
Obermoschel,67823
Clingen,99718
Kupferberg,95362
Lichtenberg,95192
Rothenfels,97851
Kyllburg,54655
Werben (Elbe),39596
Stößen,06667
Märkisch Buchholz,15748
Kaub,56349
Sandau (Elbe),39524
Ziegenrück,07924
Schnackenburg,29493
Neumark,99439
Ummerstadt,98663
Arnis,24399
